Id,Subreddit
0,London
1,Montreal
2,Paris
3,Paris
4,London
5,London
6,Paris
7,Paris
8,Montreal
9,Melbourne
10,London
11,London
12,Montreal
13,Paris
14,Montreal
15,Paris
16,Montreal
17,Paris
18,Montreal
19,Montreal
20,Montreal
21,Montreal
22,Paris
23,Melbourne
24,Montreal
25,Melbourne
26,Melbourne
27,Paris
28,Montreal
29,Paris
30,Montreal
31,Paris
32,Melbourne
33,Melbourne
34,Melbourne
35,Melbourne
36,Melbourne
37,Montreal
38,Montreal
39,Melbourne
40,Melbourne
41,Melbourne
42,Melbourne
43,London
44,Melbourne
45,Paris
46,Montreal
47,Paris
48,Paris
49,Melbourne
50,Melbourne
51,Melbourne
52,Montreal
53,Melbourne
54,Melbourne
55,Melbourne
56,Paris
57,London
58,Paris
59,Paris
60,Montreal
61,Melbourne
62,London
63,Paris
64,Melbourne
65,Melbourne
66,Paris
67,London
68,Paris
69,Melbourne
70,Melbourne
71,Paris
72,London
73,Montreal
74,London
75,Paris
76,Paris
77,Paris
78,Paris
79,Paris
80,Paris
81,Melbourne
82,London
83,Paris
84,Montreal
85,Paris
86,Melbourne
87,Paris
88,Montreal
89,Melbourne
90,Paris
91,Paris
92,Melbourne
93,Melbourne
94,London
95,London
96,Melbourne
97,Melbourne
98,Melbourne
99,London
100,Montreal
101,London
102,Montreal
103,London
104,Melbourne
105,Paris
106,Melbourne
107,Melbourne
108,London
109,London
110,Melbourne
111,Paris
112,Montreal
113,Montreal
114,Melbourne
115,Melbourne
116,Montreal
117,Melbourne
118,Montreal
119,Montreal
120,Paris
121,Montreal
122,Melbourne
123,Melbourne
124,Melbourne
125,Montreal
126,Melbourne
127,Melbourne
128,Melbourne
129,Montreal
130,Melbourne
131,Montreal
132,Paris
133,Montreal
134,Montreal
135,London
136,Melbourne
137,Paris
138,Paris
139,Paris
140,Paris
141,London
142,Melbourne
143,Melbourne
144,Montreal
145,London
146,Paris
147,London
148,Montreal
149,London
150,Melbourne
151,Montreal
152,Melbourne
153,Montreal
154,Melbourne
155,Melbourne
156,Melbourne
157,London
158,Montreal
159,Paris
160,Melbourne
161,Paris
162,Montreal
163,London
164,Paris
165,Montreal
166,Melbourne
167,London
168,Melbourne
169,Melbourne
170,London
171,Paris
172,Melbourne
173,Montreal
174,Paris
175,Paris
176,London
177,Melbourne
178,London
179,London
180,London
181,Melbourne
182,Melbourne
183,Melbourne
184,Melbourne
185,Paris
186,London
187,Melbourne
188,Montreal
189,Paris
190,London
191,Montreal
192,Melbourne
193,Melbourne
194,Montreal
195,London
196,Paris
197,Melbourne
198,London
199,Montreal
200,Montreal
201,London
202,Montreal
203,London
204,Montreal
205,Paris
206,London
207,Paris
208,London
209,Montreal
210,Melbourne
211,Paris
212,Melbourne
213,Melbourne
214,Paris
215,Montreal
216,Paris
217,Melbourne
218,London
219,Melbourne
220,Paris
221,Montreal
222,London
223,Melbourne
224,Melbourne
225,Paris
226,Paris
227,Melbourne
228,London
229,Montreal
230,Paris
231,London
232,Melbourne
233,London
234,Paris
235,Montreal
236,Paris
237,London
238,Paris
239,Montreal
240,Melbourne
241,London
242,Paris
243,Melbourne
244,Paris
245,London
246,London
247,Melbourne
248,London
249,Melbourne
250,London
251,Paris
252,London
253,Melbourne
254,Montreal
255,Paris
256,London
257,Paris
258,Montreal
259,London
260,Paris
261,Melbourne
262,London
263,Montreal
264,London
265,Melbourne
266,London
267,Melbourne
268,Montreal
269,Montreal
270,Melbourne
271,London
272,Montreal
273,London
274,Paris
275,Montreal
276,Melbourne
277,London
278,London
279,Melbourne
280,London
281,Paris
282,Melbourne
283,Melbourne
284,Montreal
285,Paris
286,Paris
287,Montreal
288,Melbourne
289,London
290,London
291,Melbourne
292,Paris
293,Melbourne
294,Montreal
295,London
296,Paris
297,Melbourne
298,Montreal
299,Montreal
300,Melbourne
301,Paris
302,Montreal
303,Paris
304,Paris
305,London
306,Melbourne
307,London
308,London
309,Montreal
310,Melbourne
311,London
312,Melbourne
313,London
314,Montreal
315,Melbourne
316,London
317,Paris
318,Melbourne
319,London
320,Montreal
321,London
322,Melbourne
323,Montreal
324,Melbourne
325,Paris
326,London
327,Montreal
328,Montreal
329,Montreal
330,Montreal
331,Melbourne
332,Montreal
333,London
334,Montreal
335,Melbourne
336,Melbourne
337,Melbourne
338,Melbourne
339,London
340,Melbourne
341,Montreal
342,Paris
343,Melbourne
344,London
345,Montreal
346,Melbourne
347,Paris
348,London
349,Montreal
350,Montreal
351,Melbourne
352,Montreal
353,London
354,London
355,London
356,Melbourne
357,Montreal
358,Montreal
359,Melbourne
360,London
361,London
362,Paris
363,Melbourne
364,Melbourne
365,Melbourne
366,Paris
367,London
368,Paris
369,Melbourne
370,Melbourne
371,London
372,London
373,London
374,Melbourne
375,Montreal
376,Melbourne
377,Melbourne
378,Melbourne
379,London
380,London
381,London
382,London
383,London
384,Paris
385,Montreal
386,Melbourne
387,Melbourne
388,Montreal
389,London
390,Melbourne
391,London
392,Montreal
393,Melbourne
394,Paris
395,Melbourne
396,Montreal
397,Montreal
398,Paris
399,London
400,London
401,Montreal
402,Montreal
403,London
404,Melbourne
405,London
406,London
407,Melbourne
408,Melbourne
409,Paris
410,Melbourne
411,Montreal
412,Melbourne
413,London
414,Montreal
415,Montreal
416,Montreal
417,London
418,Melbourne
419,London
420,Paris
421,Melbourne
422,Montreal
423,Melbourne
424,Melbourne
425,London
426,Montreal
427,London
428,Montreal
429,London
430,Montreal
431,London
432,Montreal
433,Paris
434,Montreal
435,Montreal
436,Montreal
437,Montreal
438,London
439,Paris
440,London
441,Melbourne
442,Montreal
443,Paris
444,Paris
445,Melbourne
446,Montreal
447,London
448,Melbourne
449,Paris
450,Montreal
451,Melbourne
452,Paris
453,London
454,Paris
455,Paris
456,London
457,Montreal
458,Melbourne
459,London
460,London
461,Montreal
462,Paris
463,London
464,London
465,Melbourne
466,Montreal
467,London
468,Melbourne
469,Paris
470,Melbourne
471,London
472,Paris
473,Melbourne
474,Paris
475,London
476,Paris
477,Montreal
478,Montreal
479,Montreal
480,London
481,Paris
482,London
483,Paris
484,Paris
485,Paris
486,London
487,Melbourne
488,Montreal
489,Paris
490,Paris
491,Melbourne
492,Montreal
493,Paris
494,Melbourne
495,Montreal
496,Montreal
497,London
498,Montreal
499,Melbourne
500,Paris
501,Melbourne
502,London
503,Melbourne
504,Paris
505,London
506,London
507,London
508,Montreal
509,Montreal
510,Montreal
511,Paris
512,Paris
513,Montreal
514,Montreal
515,Paris
516,London
517,London
518,Paris
519,Melbourne
520,Paris
521,Melbourne
522,Melbourne
523,London
524,Melbourne
525,Paris
526,Melbourne
527,Melbourne
528,Montreal
529,London
530,London
531,Montreal
532,London
533,Paris
534,Paris
535,Melbourne
536,Montreal
537,Paris
538,Melbourne
539,London
540,Paris
541,Melbourne
542,Paris
543,London
544,London
545,Montreal
546,Paris
547,London
548,Melbourne
549,London
550,London
551,Montreal
552,London
553,Montreal
554,Melbourne
555,London
556,Melbourne
557,Melbourne
558,Montreal
559,Paris
560,London
561,Montreal
562,London
563,London
564,Paris
565,London
566,Melbourne
567,Melbourne
568,Melbourne
569,London
570,Montreal
571,Melbourne
572,Paris
573,Melbourne
574,Montreal
575,London
576,London
577,Paris
578,London
579,Melbourne
580,Melbourne
581,London
582,London
583,Montreal
584,Melbourne
585,Melbourne
586,Paris
587,Melbourne
588,Melbourne
589,Paris
590,London
591,London
592,Montreal
593,Montreal
594,London
595,Montreal
596,Melbourne
597,Montreal
598,Melbourne
599,Melbourne
